﻿ID,Name,Description,Status,Person,Due Date,Created time 1,Created by,Created time
MGX-4,Create Relax Config Pic And Document Collection,"This will be the document collection and pic collection. Together with functionality to add pi,document and retrieve the pic and document.",Done,code yoda,,"April 10, 2024 6:12 PM",code yoda,"April 10, 2024 6:12 PM"
MGX-5,Create Endpoints For Member,"This endpoints are, Crud and include adding and retrieving member pic.",Done,code yoda,,"April 10, 2024 11:21 PM",code yoda,"April 10, 2024 11:21 PM"
MGX-6,Create Patient EndPoints,,Done,code yoda,,"April 14, 2024 8:27 PM",code yoda,"April 14, 2024 8:27 PM"
MGX-7,Form Endpoints,,Done,code yoda,"April 15, 2024","April 15, 2024 4:25 PM",code yoda,"April 15, 2024 4:25 PM"
MGX-8,Space Endpoints,,Done,code yoda,"April 15, 2024","April 15, 2024 4:25 PM",code yoda,"April 15, 2024 4:25 PM"
MGX-9,Investigation Endpoints,,In progress,code yoda,"April 15, 2024","April 15, 2024 4:25 PM",code yoda,"April 15, 2024 4:25 PM"
MGX-10,Procedure Endpoints,,In progress,code yoda,"April 15, 2024","April 15, 2024 4:25 PM",code yoda,"April 15, 2024 4:25 PM"
MGX-12,Vendor Endpoints,,In progress,code yoda,"April 15, 2024","April 15, 2024 9:17 PM",code yoda,"April 15, 2024 9:17 PM"
MGX-13,Couch Documents Upload,,Done,code yoda,"April 17, 2024","April 17, 2024 9:13 PM",code yoda,"April 17, 2024 9:13 PM"